mean_fit_time,std_fit_time,mean_score_time,std_score_time,param_C,param_gamma,param_kernel,params,split0_test_score,split1_test_score,split2_test_score,split3_test_score,split4_test_score,mean_test_score,std_test_score,rank_test_score
0.3173362731933594,0.016873586000051136,0.11630659103393555,0.010483124199773609,10.0,scale,rbf,"{'C': 10, 'gamma': 'scale', 'kernel': 'rbf'}",0.847926267281106,0.9027777777777778,0.9074074074074074,0.9212962962962963,0.8472222222222222,0.8853259941969618,0.03142181791279113,1
0.2912900924682617,0.007410285900827935,0.12099733352661132,0.0055168624214692406,10.0,auto,rbf,"{'C': 10, 'gamma': 'auto', 'kernel': 'rbf'}",0.847926267281106,0.9027777777777778,0.9074074074074074,0.9212962962962963,0.8472222222222222,0.8853259941969618,0.03142181791279113,1
0.15508999824523925,0.004873833247899157,0.09318356513977051,0.009217728672817935,10.0,0.001,rbf,"{'C': 10, 'gamma': 0.001, 'kernel': 'rbf'}",0.8433179723502304,0.9027777777777778,0.9212962962962963,0.9074074074074074,0.8425925925925926,0.8834784092848608,0.03364451175082831,3
0.23784275054931642,0.00411184675472305,0.11169257164001464,0.008177148045015462,1.0,scale,rbf,"{'C': 1, 'gamma': 'scale', 'kernel': 'rbf'}",0.8341013824884793,0.8842592592592593,0.9027777777777778,0.9074074074074074,0.8333333333333334,0.8723758320532514,0.03250217104617023,4
0.25934314727783203,0.02962222629973096,0.11150460243225098,0.014479193560516402,1.0,auto,rbf,"{'C': 1, 'gamma': 'auto', 'kernel': 'rbf'}",0.8341013824884793,0.8842592592592593,0.9027777777777778,0.9074074074074074,0.8333333333333334,0.8723758320532514,0.03250217104617023,4
0.13659520149230958,0.008998526537638293,0.027220726013183594,0.0032949050564174513,0.1,scale,linear,"{'C': 0.1, 'gamma': 'scale', 'kernel': 'linear'}",0.847926267281106,0.8935185185185185,0.8935185185185185,0.9027777777777778,0.8055555555555556,0.8686593275302952,0.036910630515352386,6
0.11785359382629394,0.013876856913781661,0.02583651542663574,0.002592926587588673,0.1,0.01,linear,"{'C': 0.1, 'gamma': 0.01, 'kernel': 'linear'}",0.847926267281106,0.8935185185185185,0.8935185185185185,0.9027777777777778,0.8055555555555556,0.8686593275302952,0.036910630515352386,6
0.08724031448364258,0.012625073351669803,0.03551921844482422,0.021564883475326955,0.1,auto,linear,"{'C': 0.1, 'gamma': 'auto', 'kernel': 'linear'}",0.847926267281106,0.8935185185185185,0.8935185185185185,0.9027777777777778,0.8055555555555556,0.8686593275302952,0.036910630515352386,6
0.11447086334228515,0.012603966317839638,0.024495887756347656,0.002666881096760893,10.0,auto,linear,"{'C': 10, 'gamma': 'auto', 'kernel': 'linear'}",0.847926267281106,0.8935185185185185,0.8935185185185185,0.9027777777777778,0.8055555555555556,0.8686593275302952,0.036910630515352386,6
0.1134181022644043,0.007324457737443435,0.028462982177734374,0.0019758270518446955,10.0,0.001,linear,"{'C': 10, 'gamma': 0.001, 'kernel': 'linear'}",0.847926267281106,0.8935185185185185,0.8935185185185185,0.9027777777777778,0.8055555555555556,0.8686593275302952,0.036910630515352386,6
0.11446328163146972,0.013842141405562149,0.023847198486328124,0.0022679844087624018,1.0,0.01,linear,"{'C': 1, 'gamma': 0.01, 'kernel': 'linear'}",0.847926267281106,0.8935185185185185,0.8935185185185185,0.9027777777777778,0.8055555555555556,0.8686593275302952,0.036910630515352386,6
0.11625781059265136,0.013273671105731721,0.026253414154052735,0.004873648733266448,10.0,scale,linear,"{'C': 10, 'gamma': 'scale', 'kernel': 'linear'}",0.847926267281106,0.8935185185185185,0.8935185185185185,0.9027777777777778,0.8055555555555556,0.8686593275302952,0.036910630515352386,6
0.10540170669555664,0.013037803345324315,0.02413144111633301,0.0016926335600608712,0.1,0.001,linear,"{'C': 0.1, 'gamma': 0.001, 'kernel': 'linear'}",0.847926267281106,0.8935185185185185,0.8935185185185185,0.9027777777777778,0.8055555555555556,0.8686593275302952,0.036910630515352386,6
0.1237990379333496,0.022085401053912938,0.025370693206787108,0.004944691508737247,1.0,0.001,linear,"{'C': 1, 'gamma': 0.001, 'kernel': 'linear'}",0.847926267281106,0.8935185185185185,0.8935185185185185,0.9027777777777778,0.8055555555555556,0.8686593275302952,0.036910630515352386,6
0.11917219161987305,0.0028360189518062263,0.02759685516357422,0.0018365354679080153,1.0,scale,linear,"{'C': 1, 'gamma': 'scale', 'kernel': 'linear'}",0.847926267281106,0.8935185185185185,0.8935185185185185,0.9027777777777778,0.8055555555555556,0.8686593275302952,0.036910630515352386,6
0.117893648147583,0.011599373831336933,0.026627826690673827,0.00602787962133639,1.0,auto,linear,"{'C': 1, 'gamma': 'auto', 'kernel': 'linear'}",0.847926267281106,0.8935185185185185,0.8935185185185185,0.9027777777777778,0.8055555555555556,0.8686593275302952,0.036910630515352386,6
0.11211023330688477,0.0112806880450326,0.023633337020874022,0.004318873188880423,10.0,0.01,linear,"{'C': 10, 'gamma': 0.01, 'kernel': 'linear'}",0.847926267281106,0.8935185185185185,0.8935185185185185,0.9027777777777778,0.8055555555555556,0.8686593275302952,0.036910630515352386,6
0.16683883666992189,0.02676452855227988,0.09194808006286621,0.00878380775425257,1.0,0.001,rbf,"{'C': 1, 'gamma': 0.001, 'kernel': 'rbf'}",0.8248847926267281,0.8611111111111112,0.9027777777777778,0.9166666666666666,0.8287037037037037,0.8668288103771975,0.03747440898936804,18
0.31220054626464844,0.011890813031279967,0.08052144050598145,0.00605484292935863,0.1,scale,rbf,"{'C': 0.1, 'gamma': 'scale', 'kernel': 'rbf'}",0.7603686635944701,0.7916666666666666,0.7546296296296297,0.8472222222222222,0.7731481481481481,0.7854070660522273,0.0334208000823911,19
0.2978717803955078,0.024611168538484704,0.13672566413879395,0.011194438407515876,0.1,auto,rbf,"{'C': 0.1, 'gamma': 'auto', 'kernel': 'rbf'}",0.7557603686635944,0.7916666666666666,0.75,0.8472222222222222,0.7731481481481481,0.7835594811401263,0.035003132267826954,20
0.3249542236328125,0.022710526560753667,0.1348423957824707,0.0076474935518489485,0.1,0.001,rbf,"{'C': 0.1, 'gamma': 0.001, 'kernel': 'rbf'}",0.6912442396313364,0.7453703703703703,0.8009259259259259,0.8194444444444444,0.75,0.7613969960744154,0.04525526719624266,21
0.370717716217041,0.049419202637468386,0.14928641319274902,0.010149323521392997,1.0,0.01,rbf,"{'C': 1, 'gamma': 0.01, 'kernel': 'rbf'}",0.5990783410138248,0.6388888888888888,0.6018518518518519,0.6342592592592593,0.6018518518518519,0.6151860385731354,0.017553756590148593,22
0.25946617126464844,0.0093383291686224,0.057947731018066405,0.005679718764228951,10.0,0.01,rbf,"{'C': 10, 'gamma': 0.01, 'kernel': 'rbf'}",0.5806451612903226,0.6157407407407407,0.5833333333333334,0.5972222222222222,0.5925925925925926,0.5939068100358423,0.012466831133115475,23
0.3410489559173584,0.012557452125496513,0.12649950981140137,0.004534373660149082,0.1,0.01,rbf,"{'C': 0.1, 'gamma': 0.01, 'kernel': 'rbf'}",0.1382488479262673,0.1574074074074074,0.1574074074074074,0.25,0.14814814814814814,0.17024236217784605,0.04050306696200762,24
