Name,Class,Status,Mask Index Override,X Point Override,Y Point Override,Debug
0004_0011,Unlabeled,Processed,,,,FALSE
0004_0027,Unlabeled,Processed,,,,FALSE
0004_0043,Unlabeled,Processed,,,,FALSE
0004_0059,Unlabeled,Processed,,,,FALSE
0004_0075,Unlabeled,Processed,,,,FALSE
0004_0091,Unlabeled,Processed,,,,FALSE
0004_0107,Unlabeled,Processed,,,,FALSE
0004_0123,Unlabeled,Processed,,,,FALSE
0004_0139,Unlabeled,Processed,,,,FALSE
0004_0155,Unlabeled,Processed,,,,FALSE
0004_0171,Unlabeled,Processed,,,,FALSE
0004_0187,Unlabeled,Processed,,,,FALSE
0004_0203,Unlabeled,Processed,,82,76,FALSE
0004_0219,Unlabeled,Processed,,,,FALSE
0004_0235,Unlabeled,Processed,,,,FALSE
0004_0251,Unlabeled,Processed,,,,FALSE
0004_0267,Unlabeled,Processed,,,,FALSE
0015_0016,Unlabeled,Unprocessed,3,,,FALSE
0015_0032,Unlabeled,Processed,,,,FALSE
0015_0048,Unlabeled,Processed,,,,FALSE
0015_0064,Unlabeled,Processed,,,,FALSE
0015_0080,Unlabeled,Processed,,,,FALSE
0015_0096,Unlabeled,Processed,,,,FALSE
0015_0112,Unlabeled,Processed,,,,FALSE
0015_0129,Unlabeled,Processed,,,,FALSE
0_100,Unlabeled,Processed,,,,FALSE
127_100,Unlabeled,Processed,,,,FALSE
145_100,Unlabeled,Processed,,,,FALSE
163_100,Unlabeled,Processed,,,,FALSE
181_100,Unlabeled,Processed,,,,FALSE
201_100,Unlabeled,Processed,,,,FALSE
21_100,Unlabeled,Processed,,,,FALSE
238_100,Unlabeled,Processed,,,,FALSE
258_100,Unlabeled,Processed,,,,FALSE
296_100,Unlabeled,Processed,,,,FALSE
315_100,Unlabeled,Processed,,,,FALSE
68_100,Unlabeled,Processed,,,,FALSE
91_100,Unlabeled,Processed,,,,FALSE
r_113_100,Unlabeled,Processed,,,,FALSE
r_131_100,Unlabeled,Processed,,,,FALSE
r_14_100,Unlabeled,Processed,,,,FALSE
r_168_100,Unlabeled,Processed,,,,FALSE
r_234_100,Unlabeled,Processed,,,,FALSE
r_252_100,Unlabeled,Processed,,,,FALSE
r_270_100,Unlabeled,Processed,,,,FALSE
r_289_100,Unlabeled,Processed,,,,FALSE
r_306_100,Unlabeled,Processed,,,,FALSE
r_324_100,Unlabeled,Processed,,,,FALSE
r_6_100,Unlabeled,Processed,,,,FALSE
r_91_100,Unlabeled,Processed,,,,FALSE
0_100,Unlabeled,Processed,,,,FALSE
118_100,Unlabeled,Processed,,,,FALSE
136_100,Unlabeled,Processed,,,,FALSE
154_100,Unlabeled,Processed,,,,FALSE
172_100,Unlabeled,Processed,,,,FALSE
190_100,Unlabeled,Processed,,,,FALSE
208_100,Unlabeled,Processed,,,,FALSE
226_100,Unlabeled,Processed,,,,FALSE
244_100,Unlabeled,Processed,,,,FALSE
262_100,Unlabeled,Processed,,,,FALSE
280_100,Unlabeled,Processed,,,,FALSE
299_100,Unlabeled,Processed,,,,FALSE
316_100,Unlabeled,Processed,,,,FALSE
r_112_100,Unlabeled,Processed,,,,FALSE
r_130_100,Unlabeled,Processed,,,,FALSE
r_149_100,Unlabeled,Processed,,,,FALSE
r_167_100,Unlabeled,Processed,,,,FALSE
r_185_100,Unlabeled,Processed,,,,FALSE
r_202_100,Unlabeled,Processed,,,,FALSE
r_220_100,Unlabeled,Processed,,,,FALSE
r_239_100,Unlabeled,Processed,,,,FALSE
r_257_100,Unlabeled,Processed,,,,FALSE
r_275_100,Unlabeled,Processed,,,,FALSE
r_293_100,Unlabeled,Processed,,,,FALSE
r_310_100,Unlabeled,Processed,,,,FALSE
r0_0,Unlabeled,Unprocessed,3,,,FALSE
r0_12,Unlabeled,Unprocessed,3,,,FALSE
r0_140,Unlabeled,Processed,,,,FALSE
r0_162,Unlabeled,Processed,,,,FALSE
r0_184,Unlabeled,Processed,,,,FALSE
r0_204,Unlabeled,Processed,,,,FALSE
r0_226,Unlabeled,Processed,,,,FALSE
r0_248,Unlabeled,Processed,,,,FALSE
r0_270,Unlabeled,Processed,,,,FALSE
r0_292,Unlabeled,Processed,,,,FALSE
r0_36,Unlabeled,Unprocessed,3,,,FALSE
r0_58,Unlabeled,Processed,,,,FALSE
r0_8,Unlabeled,Processed,,,,FALSE
r1_10,Unlabeled,Processed,,,,FALSE
r1_120,Unlabeled,Processed,,,,FALSE
r1_142,Unlabeled,Processed,,,,FALSE
r1_164,Unlabeled,Processed,,,,FALSE
r1_186,Unlabeled,Processed,,,,FALSE
r1_206,Unlabeled,Processed,,,,FALSE
r1_228,Unlabeled,Processed,,,,FALSE
r1_250,Unlabeled,Processed,,,,FALSE
r1_272,Unlabeled,Processed,,,,FALSE
r1_294,Unlabeled,Processed,,,,FALSE
r1_38,Unlabeled,Processed,,,,FALSE
r1_6,Unlabeled,Processed,,,,FALSE
0_100,Unlabeled,Processed,,,,FALSE
117_100,Unlabeled,Processed,,,,FALSE
134_100,Unlabeled,Processed,,,,FALSE
151_100,Unlabeled,Processed,,,,FALSE
169_100,Unlabeled,Processed,,,,FALSE
186_100,Unlabeled,Processed,,,,FALSE
202_100,Unlabeled,Processed,,,,FALSE
21_100,Unlabeled,Processed,,,,FALSE
237_100,Unlabeled,Processed,,,,FALSE
254_100,Unlabeled,Processed,,,,FALSE
271_100,Unlabeled,Processed,,,,FALSE
289_100,Unlabeled,Processed,,,,FALSE
305_100,Unlabeled,Processed,,,,FALSE
r_112_100,Unlabeled,Processed,,,,FALSE
r_12_100,Unlabeled,Processed,,,,FALSE
r_147_100,Unlabeled,Processed,,,,FALSE
r_164_100,Unlabeled,Processed,,,,FALSE
r_181_100,Unlabeled,Processed,,,,FALSE
r_199_100,Unlabeled,Processed,,,,FALSE
r_215_100,Unlabeled,Processed,,,,FALSE
r_232_100,Unlabeled,Processed,,,,FALSE
r_24_100,Unlabeled,Processed,,,,FALSE
r_267_100,Unlabeled,Processed,,,,FALSE
r_284_100,Unlabeled,Processed,,,,FALSE
r_300_100,Unlabeled,Processed,,,,FALSE
r0_0,Unlabeled,Processed,,,,FALSE
r0_132,Unlabeled,Processed,,,,FALSE
r0_166,Unlabeled,Processed,,,,FALSE
r0_20,Unlabeled,Processed,,,,FALSE
r0_234,Unlabeled,Processed,,,,FALSE
r0_268,Unlabeled,Processed,,,,FALSE
r0_302,Unlabeled,Processed,,,,FALSE
r0_50,Unlabeled,Processed,,,,FALSE
r0_84,Unlabeled,Processed,,,,FALSE
r1_118,Unlabeled,Processed,,,,FALSE
r1_152,Unlabeled,Processed,,,,FALSE
r1_186_peac,Unlabeled,Unprocessed,3,,,FALSE
r1_22,Unlabeled,Processed,,,,FALSE
r1_254,Unlabeled,Processed,,,,FALSE
r1_288,Unlabeled,Processed,,,,FALSE
r1_36,Unlabeled,Processed,,,,FALSE
r1_70,Unlabeled,Processed,,,,FALSE
r2_102,Unlabeled,Processed,,,,FALSE
r2_138,Unlabeled,Processed,,,,FALSE
r2_172,Unlabeled,Processed,,,,FALSE
r2_204,Unlabeled,Processed,,,,FALSE
r2_24,Unlabeled,Processed,,,,FALSE
r2_274,Unlabeled,Processed,,,,FALSE
r2_308,Unlabeled,Processed,,,,FALSE
r2_56,Unlabeled,Processed,,,,FALSE
r0_0,Unlabeled,Processed,,,,FALSE
r0_120,Unlabeled,Processed,,,,FALSE
r0_144,Unlabeled,Processed,,,,FALSE
r0_168,Unlabeled,Processed,,,,FALSE
r0_192,Unlabeled,Processed,,,,FALSE
r0_214,Unlabeled,Processed,,,,FALSE
r0_238,Unlabeled,Processed,,,,FALSE
r0_260,Unlabeled,Processed,,,,FALSE
r0_284,Unlabeled,Processed,,,,FALSE
r0_308,Unlabeled,Processed,,,,FALSE
r0_4,Unlabeled,Processed,,,,FALSE
r0_62,Unlabeled,Processed,,,,FALSE
r0_86,Unlabeled,Processed,,,,FALSE
r1_108,Unlabeled,Processed,,,,FALSE
r1_132,Unlabeled,Processed,,,,FALSE
r1_156,Unlabeled,Processed,,,,FALSE
r1_18,Unlabeled,Processed,,,,FALSE
r1_200,Unlabeled,Processed,,,,FALSE
r1_224,Unlabeled,Processed,,,,FALSE
r1_248,Unlabeled,Processed,,,,FALSE
r1_272,Unlabeled,Processed,,,,FALSE
r1_296,Unlabeled,Processed,,,,FALSE
r1_32,Unlabeled,Processed,,,,FALSE
r1_50,Unlabeled,Processed,,,,FALSE
r1_74,Unlabeled,Processed,,,,FALSE
0009_0011,Unlabeled,Processed,,92,71,FALSE
0009_0033,Unlabeled,Processed,,,,FALSE
0009_0055,Unlabeled,Processed,,,,FALSE
0009_0077,Unlabeled,Processed,,,,FALSE
0009_0099,Unlabeled,Processed,,,,FALSE
0009_0121,Unlabeled,Processed,,91,74,FALSE
0009_0143,Unlabeled,Processed,,,,FALSE
0009_0165,Unlabeled,Processed,,,,FALSE
0009_0187,Unlabeled,Processed,2,,,FALSE
0009_0209,Unlabeled,Processed,,,,FALSE
0009_0231,Unlabeled,Processed,,,,FALSE
0009_0253,Unlabeled,Processed,,,,FALSE
0009_0275,Unlabeled,Processed,,,,FALSE
0020_0020,Unlabeled,Processed,,,,FALSE
0020_0042,Unlabeled,Processed,,,,FALSE
0020_0064,Unlabeled,Processed,,,,FALSE
0020_0086,Unlabeled,Processed,,85,84,FALSE
0020_0108,Unlabeled,Processed,,,,FALSE
0020_0130,Unlabeled,Processed,,,,FALSE
0020_0152,Unlabeled,Processed,,62,86,FALSE
0020_0174,Unlabeled,Processed,,99,84,FALSE
0020_0196,Unlabeled,Processed,,62,78,FALSE
0020_0218,Unlabeled,Processed,,82,76,FALSE
0020_0240,Unlabeled,Processed,,72,76,FALSE
0020_0262,Unlabeled,Processed,,79,75,FALSE
