Name,Class
IMG20250703082739,
IMG20250703082750,
IMG20250703082806,
IMG20250703082816,
IMG20250703082830,
IMG20250703082833,
IMG20250703082912,
IMG20250703082919,
IMG20250703082922,
IMG20250703082939,
IMG20250703082957,
IMG20250703083020,
IMG20250703083030,
IMG20250703083042,
IMG20250703083049,
IMG20250703083056,
IMG20250703083106,
IMG20250703083121,
IMG20250703083128,
IMG20250703083143,
IMG20250703083149,
IMG20250703083159,
IMG20250703083205,
IMG20250703083214,
IMG20250703083220,
IMG20250703083223,
IMG20250703083239,
IMG20250703083249,
IMG20250703083311,
IMG20250703083314,
IMG20250703083319,
IMG20250703083326,
IMG20250703083330,
IMG20250703083336,
IMG20250703083340,
IMG20250703083352,
IMG20250703083357,
IMG20250703083402,
IMG20250703083508,
IMG20250703083513,
IMG20250703083520,
IMG20250703083621,
IMG20250703083634,
IMG20250703083713,
IMG20250703083721,
IMG20250703083725,
IMG20250703083729,
IMG20250703083732,
IMG20250703083803,
IMG20250703083809,
IMG20250703083815,
IMG20250703083827,
IMG20250703083842,
IMG20250703083848,
IMG20250703083851,
IMG20250703083854,
IMG20250703083859,
IMG20250703083903,
IMG20250703083910,
IMG20250703083921,
IMG20250703083933,
IMG20250703083940,
IMG20250703083947,
IMG20250703083951,
IMG20250703084009,
IMG20250703084016,
IMG20250703084019,
IMG20250703084026,
IMG20250703084030,
IMG20250703084033,
IMG20250703084045,
IMG20250703084058,
IMG20250703084105,
IMG20250703084114,
IMG20250703084121,
IMG20250703084128,
IMG20250703084134,
IMG20250703084141,
IMG20250703084147,
IMG20250703084150,
IMG20250703084155,
IMG20250703084201,
IMG20250703084210,
IMG20250703084216,
IMG20250703084223,
IMG20250703084226,
IMG20250703084230,
IMG20250703084237,
IMG20250703084242,
IMG20250703084411,
IMG20250703084420,
IMG20250703084432,
IMG20250703084443,
IMG20250703084456,
IMG20250703084507,
IMG20250703084530,
IMG20250703084546,
IMG20250703084600,
IMG20250703084612,
IMG20250703084621,
IMG20250703084625,
IMG20250703084638,
IMG20250703084649,
IMG20250703084659,
IMG20250703084713,
IMG20250703084739,
IMG20250703084748,
IMG20250703084756,
IMG20250703084804,
IMG20250703084811,
IMG20250703084817,
IMG20250703084829,
IMG20250703084833,
IMG20250703084839,
IMG20250703084848,
IMG20250703084857,
IMG20250703084904,
IMG20250703084918,
IMG20250703084932,
IMG20250703084935,
IMG20250703085016,
IMG20250703085020,
IMG20250703085029,
IMG20250703085039,
IMG20250703085050,
IMG20250703085055,
IMG20250703085101,
IMG20250703085104,
IMG20250703085110,
IMG20250703085125,
IMG20250703085130,
IMG20250703085232,
IMG20250703085534,
IMG20250703085540,
IMG20250703085550,
IMG20250703085555,
IMG20250703085604,
IMG20250703085609,
IMG20250703085615,
IMG20250703085620,
IMG20250703085629,
IMG20250703085633,
IMG20250703085642,
IMG20250703085646,
IMG20250703085654,
IMG20250703085657,
IMG20250703085701,
IMG20250703085711,
IMG20250703085716,
IMG20250703085726,
IMG20250703085730,
IMG20250703085741,
IMG20250703085744,
IMG20250703085749,
IMG20250703085753,
IMG20250703085759,
IMG20250703085803,
IMG20250703085813,
IMG20250703085817,
IMG20250703085830,
IMG20250703085835,
IMG20250703085850,
IMG20250703085854,
IMG20250703085908,
IMG20250703085912,
IMG20250703085932,
IMG20250703085938,
IMG20250703085943,
IMG20250703085948,
IMG20250703090024,
IMG20250703090030,
IMG20250703090036,
IMG20250703090040,
IMG20250703090047,
IMG20250703090050,
IMG20250703090116,
IMG20250703090122,
IMG20250703090125,
IMG20250703090137,
IMG20250703090147,
IMG20250703090201,
IMG20250703090207,
IMG20250703090212,
IMG20250703090219,
IMG20250703090224,
IMG20250703090228,
IMG20250703090234,
IMG20250703090239,
IMG20250703090244,
IMG20250703090307,
IMG20250703090310,
IMG20250703090314,
IMG20250703090339,
IMG20250703090343,
IMG20250703090346,
IMG20250703090504,
IMG20250703090508,
IMG20250703090735,
IMG20250703090740,
IMG20250703090746,
IMG20250703090751,
IMG20250703090800,
IMG20250703090803,
IMG20250703090807,
IMG20250703090811,
IMG20250703090816,
IMG20250703090820,
IMG20250703090826,
IMG20250703090829,
IMG20250703090834,
IMG20250703090838,
IMG20250703090843,
IMG20250703090847,
IMG20250703090852,
IMG20250703090855,
IMG20250703090906,
IMG20250703090909,
IMG20250703090913,
IMG20250703090916,
IMG20250703090920,
IMG20250703090923,
IMG20250703090929,
IMG20250703090931,
IMG20250703090937,
IMG20250703090940,
IMG20250703090944,
IMG20250703090948,
IMG20250703090953,
IMG20250703090956,
IMG20250703091001,
IMG20250703091004,
IMG20250703091010,
IMG20250703091014,
IMG20250703091020,
IMG20250703091024,
IMG20250703091028,
IMG20250703091031,
IMG20250703091050,
IMG20250703091103,
IMG20250703091111,
IMG20250703091114,
IMG20250703091127,
IMG20250703091131,
IMG20250703091139,
IMG20250703091144,
IMG20250703091200,
IMG20250703091204,
IMG20250703091213,
IMG20250703091216,
IMG20250703091225,
IMG20250703091232,
IMG20250703091236,
IMG20250703091247,
IMG20250703091255,
IMG20250703091304,
IMG20250703091307,
IMG20250703091312,
IMG20250703091317,
IMG20250703091323,
IMG20250703091330,
IMG20250703091334,
IMG20250703091340,
IMG20250703091344,
IMG20250703091349,
IMG20250703091352,
IMG20250703091413,
IMG20250703091418,
IMG20250703091426,
IMG20250703091433,
IMG20250703091437,
IMG20250703091445,
IMG20250703091451,
IMG20250703091458,
IMG20250703091505,
IMG20250703091511,
IMG20250703091514,
IMG20250703091519,
IMG20250703091525,
IMG20250703091530,
IMG20250703091734,
IMG20250703091738,
IMG20250703091742,
IMG20250703091746,
IMG20250703091749,
IMG20250703091756,
IMG20250703091802,
IMG20250703091816,
IMG20250703091826,
IMG20250703091832,
IMG20250703091859,
IMG20250703091904,
IMG20250703091911,
IMG20250703091950,
IMG20250703091954,
IMG20250703091957,
IMG20250703092003,
IMG20250703092024,
IMG20250703092036,
IMG20250703092047,
IMG20250703092057,
IMG20250703092059,
IMG20250703092104,
IMG20250703092109,
IMG20250703092137,
IMG20250703092142,
IMG20250703092151,
IMG20250703092158,
IMG20250703092205,
IMG20250703092213,
IMG20250703092217,
IMG20250703092224,
IMG20250703092228,
IMG20250703092246,
IMG20250703092252,
IMG20250703092258,
IMG20250703092302,
IMG20250703092314,
IMG20250703092320,
IMG20250703092323,
IMG20250703092329,
IMG20250703092333,
IMG20250703092343,
IMG20250703092350,
IMG20250703092353,
IMG20250703092402,
IMG20250703092405,
IMG20250703092416,
IMG20250703092419,
IMG20250703092421,
IMG20250703092429,
IMG20250703092433,
IMG20250703092438,
IMG20250703092440,
IMG20250703092443,
IMG20250703092446,
IMG20250703092453,
IMG20250703092456,
IMG20250703092459,
IMG20250703092508,
IMG20250703092513,
IMG20250703092518,
IMG20250703092523,
IMG20250703092528,
IMG20250703092543,
IMG20250703092546,
IMG20250703092553,
IMG20250703092654,
IMG20250703092658,
IMG20250703092702,
IMG20250703092709,
IMG20250703092714,
IMG20250703092717,
IMG20250703092731,
IMG20250703092738,
IMG20250703092831,
IMG20250703092838,
IMG20250703092847,
IMG20250703092853,
IMG20250703092859,
IMG20250703092910,
IMG20250703092917,
IMG20250703092920,
IMG20250703092925,
IMG20250703093012,
IMG20250703093023,
IMG20250703093026,
IMG20250703093038,
IMG20250703093045,
IMG20250703093052,
IMG20250703093057,
IMG20250703093109,
IMG20250703093122,
IMG20250703093127,
IMG20250703093139,
IMG20250703093147,
IMG20250703093221,
IMG20250703093226,
IMG20250703093230,
IMG20250703093237,
IMG20250703093245,
IMG20250703093251,
IMG20250703093258,
IMG20250703093304,
IMG20250703093310,
IMG20250703093313,
IMG20250703093318,
IMG20250703093321,
IMG20250703093325,
IMG20250703093327,
IMG20250703093342,
IMG20250703093345,
IMG20250703093349,
IMG20250703093401,
IMG20250703093411,
IMG20250703093418,
IMG20250703093426,
IMG20250703093431,
IMG20250703093438,
IMG20250703093457,
IMG20250703093500,
IMG20250703093504,
IMG20250703093515,
IMG20250703093518,
IMG20250703093521,
IMG20250703093528,
IMG20250703093535,
IMG20250703093538,
IMG20250703093540,
IMG20250703093544,
IMG20250703093551,
IMG20250703093553,
IMG20250703093557,
IMG20250703093630,
IMG20250703093643,
IMG20250703093648,
IMG20250703093701,
IMG20250703093724,
IMG20250703093733,
IMG20250703093750,
IMG20250703093754,
IMG20250703093803,
IMG20250703093808,
IMG20250703093812,
IMG20250703093816,
IMG20250703093822,
IMG20250703093829,
IMG20250703093837,
IMG20250703093840,
IMG20250703093844,
IMG20250703093854,
IMG20250703093859,
IMG20250703093910,
IMG20250703093919,
IMG20250703093924,
IMG20250703093928,
IMG20250703093939,
IMG20250703093943,
IMG20250703093951,
IMG20250703093954,
IMG20250703094000,
IMG20250703094605,
IMG20250703094609,
IMG20250703094620,
IMG20250703094624,
IMG20250703094636,
IMG20250703094640,
IMG20250703094648,
IMG20250703094652,
IMG20250703094746,
IMG20250703094756,
IMG20250703094929,
IMG20250703094932,
IMG20250703094937,
IMG20250703094942,
IMG20250703095045,
IMG20250703095054,
IMG20250703095104,
IMG20250703095106,
IMG20250703095114,
IMG20250703095120,
IMG20250703095131,
IMG20250703095136,
IMG20250703095230,
IMG20250703095234,
IMG20250703095241,
IMG20250703095249,
IMG20250703095253,
IMG20250703095255,
IMG20250703095257,
IMG20250703095302,
IMG20250703095304,
IMG20250703095308,
IMG20250703095417,
IMG20250703095421,
IMG20250703095432,
IMG20250703095501,
IMG20250703095503,
IMG20250703095508,
IMG20250703095511,
IMG20250703095529,
IMG20250703095546,
IMG20250703095559,
IMG20250703095602,
IMG20250703095614,
IMG20250703095617,
IMG20250703095624,
IMG20250703095634,
IMG20250703095642,
IMG20250703095646,
IMG20250703095657,
IMG20250703095716,
IMG20250703095738,
IMG20250703095802,
IMG20250703095805,
IMG20250703095808,
IMG20250703095816,
IMG20250703095819,
IMG20250703095822,
IMG20250703095901,
IMG20250703095905,
IMG20250703095913,
IMG20250703095917,
IMG20250703095928,
IMG20250703095937,
IMG20250703095939,
IMG20250703095951,
IMG20250703100007,
IMG20250703100019,
IMG20250703100022,
IMG20250703100025,
IMG20250703100033,
IMG20250703100036,
IMG20250703100039,
IMG20250703100044,
IMG20250703100047,
IMG20250703100053,
IMG20250703100100,
IMG20250703100103,
IMG20250703100109,
IMG20250703100112,
IMG20250703100121,
IMG20250703100123,
IMG20250703100126,
IMG20250703100131,
IMG20250703100137,
IMG20250703100143,
IMG20250703100145,
IMG20250703100235,
IMG20250703100239,
IMG20250703100242,
IMG20250703100445,
IMG20250703100450,
IMG20250703100500,
IMG20250703100506,
IMG20250703100520,
IMG20250703100523,
IMG20250703100528,
IMG20250703100537,
IMG20250703100548,
IMG20250703100552,
IMG20250703100610,
IMG20250703100615,
IMG20250703100625,
IMG20250703100627,
IMG20250703100632,
IMG20250703100638,
IMG20250703100642,
IMG20250703100644,
IMG20250703100647,
IMG20250703100655,
IMG20250703100659,
IMG20250703100704,
IMG20250703100728,
IMG20250703100730,
IMG20250703100736,
IMG20250703100744,
IMG20250703100749,
IMG20250703100800,
IMG20250703100803,
IMG20250703100811,
IMG20250703100820,
IMG20250703100825,
IMG20250703100840,
IMG20250703100842,
IMG20250703100856,
IMG20250703100900,
IMG20250703100902,
IMG20250703100921,
IMG20250703100931,
IMG20250703100945,
IMG20250703100952,
IMG20250703101003,
IMG20250703101006,
IMG20250703101009,
IMG20250703101011,
IMG20250703101016,
IMG20250703101027,
IMG20250703101029,
IMG20250703101034,
IMG20250703101043,
IMG20250703101046,
IMG20250703101049,
IMG20250703101051,
IMG20250703101056,
IMG20250703101105,
IMG20250703101107,
IMG20250703101109,
IMG20250703101125,
IMG20250703101128,
IMG20250703101134,
IMG20250703101137,
IMG20250703101156,
IMG20250703101203,
IMG20250703101213,
IMG20250703101220,
IMG20250703101224,
IMG20250703101243,
IMG20250703101253,
IMG20250703101255,
IMG20250703101310,
IMG20250703101313,
IMG20250703101325,
IMG20250703101514,
IMG20250703101516,
IMG20250703101521,
IMG20250703101524,
IMG20250703101528,
IMG20250703101534,
IMG20250703101543,
IMG20250703101550,
IMG20250703101610,
IMG20250703101614,
IMG20250703101630,
IMG20250703101638,
IMG20250703101646,
IMG20250703101708,
IMG20250703101710,
IMG20250703101714,
IMG20250703101723,
IMG20250703101728,
IMG20250703101733,
IMG20250703101735,
IMG20250703101811,
IMG20250703101813,
IMG20250703101816,
IMG20250703101830,
IMG20250703101833,
IMG20250703101836,
IMG20250703101854,
IMG20250703101938,
IMG20250703102255,
IMG20250703102318,
IMG20250703102351,
IMG20250703102404,
IMG20250801075440,
IMG20250801075450,
IMG20250801075454,
IMG20250801075507,
IMG20250801075511,
IMG20250801075515,
IMG20250801075530,
IMG20250801075540,
IMG20250801075553,
IMG20250801075603,
IMG20250801075608,
IMG20250801075612,
IMG20250801075617,
IMG20250801075619,
IMG20250801075844,
IMG20250801075923,
IMG20250801075929,
IMG20250801075943,
IMG20250801075948,
IMG20250801075955,
IMG20250801080004,
IMG20250801080016,
IMG20250801080034,
IMG20250801080046,
IMG20250801080053,
IMG20250801080222,
IMG20250801080247,
IMG20250801080350,
IMG20250801080353,
IMG20250801080404,
IMG20250801080408,
IMG20250801080415,
IMG20250801080432,
IMG20250801080450,
IMG20250801080453,
IMG20250801080511,
IMG20250801080515,
IMG20250801080522,
IMG20250801080526,
IMG20250801080531,
IMG20250801080536,
IMG20250801080551,
IMG20250801080554,
IMG20250801080558,
IMG20250801080638,
IMG20250801080646,
IMG20250801080651,
IMG20250801080718,
IMG20250801080722,
IMG20250801080746,
IMG20250801080752,
IMG20250801080812,
IMG20250801080822,
IMG20250801080830,
IMG20250801080838,
IMG20250801080848,
IMG20250801080855,
IMG20250801080908,
IMG20250801080910,
IMG20250801080914,
IMG20250801080921,
IMG20250801080925,
IMG20250801080929,
IMG20250801080949,
IMG20250801081001,
IMG20250801081006,
IMG20250801081019,
IMG20250801081025,
IMG20250801081031,
IMG20250801081058,
IMG20250801081111,
IMG20250801081118,
IMG20250801081126,
IMG20250801081136,
IMG20250801081138,
IMG20250801081149,
IMG20250801081200,
IMG20250801081207,
IMG20250801081215,
IMG20250801081238,
IMG20250801081258,
IMG20250801081317,
IMG20250801081321,
IMG20250801081336,
IMG20250801081342,
IMG20250801081409,
IMG20250801081412,
IMG20250801081415,
IMG20250801081423,
IMG20250801081553,
IMG20250801081600,
IMG20250801081608,
IMG20250801081614,
IMG20250801081623,
IMG20250801081630,
IMG20250801081706,
IMG20250801081713,
IMG20250801081719,
IMG20250801081811,
IMG20250801081813,
IMG20250801081819,
IMG20250801081822,
IMG20250801081834,
IMG20250801081914,
IMG20250801081934,
IMG20250801081941,
IMG20250801081957,
IMG20250801082009,
IMG20250801082018,
IMG20250801082134,
IMG20250801082148,
IMG20250801082210,
IMG20250801082214,
IMG20250801082502,
IMG20250801082512,
IMG20250801082604,
IMG20250801082608,
IMG20250801082616,
IMG20250801082643,
IMG20250801082710,
IMG20250801082714,
IMG20250801082720,
IMG20250801082818,
IMG20250801082859,
IMG20250801082955,
IMG20250801083005,
IMG20250801083016,
IMG20250801083026,
IMG20250801083030,
IMG20250801083159,
IMG20250801083222,
IMG20250801083227,
IMG20250801083251,
IMG20250801083302,
IMG20250801083317,
IMG20250801083428,
IMG20250801083432,
IMG20250801083437,
IMG20250801083457,
IMG20250801083501,
IMG20250801083505,
IMG20250801083514,
IMG20250801083518,
IMG20250801083554,
IMG20250801083606,
IMG20250801083610,
IMG20250801083701,
IMG20250801083833,
IMG20250801083849,
IMG20250801083854,
IMG20250801083901,
IMG20250801084023,
IMG20250801084034,
IMG20250801084042,
IMG20250801084050,
IMG20250801084114,
IMG20250801084140,
IMG20250801084152,
IMG20250801084419,
IMG20250801084423,
IMG20250801084430,
IMG20250801084435,
IMG20250801084519,
IMG20250801084529,
IMG20250801084542,
IMG20250801084546,
IMG20250801084552,
IMG20250801084557,
IMG20250801084609,
IMG20250801084612,
IMG20250801084630,
IMG20250801084636,
IMG20250801084642,
IMG20250801084650,
IMG20250801084654,
IMG20250801084700,
IMG20250801084711,
IMG20250801084732,
IMG20250801084736,
IMG20250801084743,
IMG20250801084757,
IMG20250801084801,
IMG20250801084808,
IMG20250801084819,
IMG20250801084831,
IMG20250801084848,
IMG20250801084852,
IMG20250801084906,
IMG20250801084911,
IMG20250801084928,
IMG20250801084937,
IMG20250801084948,
IMG20250801084954,
IMG20250801085011,
IMG20250801085016,
IMG20250801085030,
IMG20250801085040,
IMG20250801085047,
IMG20250801085104,
IMG20250801085658,
IMG20250801085703,
IMG20250801085707,
IMG20250801085711,
IMG20250801085716,
IMG20250801085719,
IMG20250801085724,
IMG20250801085730,
IMG20250801085736,
IMG20250801085757,
IMG20250801085800,
IMG20250801085814,
IMG20250801085823,
IMG20250801085830,
IMG20250801085841,
IMG20250801085849,
IMG20250801085858,
IMG20250801085900,
IMG20250801085907,
IMG20250801085915,
IMG20250801085931,
IMG20250801085936,
IMG20250801085949,
IMG20250801090000,
IMG20250801090016,
IMG20250801090019,
IMG20250801090026,
IMG20250801090029,
IMG20250801090035,
IMG20250801090038,
IMG20250801090119,
IMG20250801090144,
IMG20250801090202,
IMG20250801090227,
IMG20250801090235,
IMG20250801090243,
IMG20250801090246,
IMG20250801090452,
IMG20250801090506,
IMG20250801090518,
IMG20250801090834,
IMG20250801090842,
IMG20250801090849,
IMG20250801090928,
IMG20250801090943,
IMG20250801090954,
IMG20250801091002,
IMG20250801091010,
IMG20250801091020,
IMG20250801091028,
IMG20250801091039,
IMG20250801091103,
IMG20250801091131,
IMG20250801091133,
IMG20250801091144,
IMG20250801091153,
IMG20250801091156,
IMG20250801091301,
IMG20250801091308,
IMG20250801091351,
IMG20250801091402,
IMG20250801091431,
IMG20250801091543,
IMG20250801091552,
IMG20250801091635,
IMG20250801091645,
IMG20250801091848,
IMG20250801091928,
IMG20250801091941,
IMG20250801091947,
IMG20250801092008,
IMG20250801092652,
IMG20250801092655,
IMG20250801092703,
IMG20250801092716,
IMG20250801092737,
IMG20250801092740,
IMG20250801092752,
IMG20250801092824,
IMG20250801092827,
IMG20250801092830,
IMG20250801092838,
IMG20250801092843,
IMG20250801092852,
IMG20250801092857,
IMG20250801092859,
IMG20250801092913,
IMG20250801092918,
IMG20250801092934,
IMG20250801092950,
IMG20250801092958,
IMG20250801093022,
IMG20250801093046,
IMG20250801093052,
IMG20250801093056,
IMG20250801093100,
IMG20250801093114,
IMG20250801093347,
IMG20250801093353,
IMG20250801093430,
IMG20250801093439,
IMG20250801093445,
IMG20250801093458,
IMG20250801093539,
IMG20250801093544,
IMG20250801093549,
IMG20250801093916,
IMG20250801093927,
IMG20250801093940,
IMG20250801093957,
IMG20250801094001,
IMG20250801094112,
IMG20250801094118,
IMG20250801094124,
IMG20250801094139,
IMG20250801094839,
IMG20250801094844,
IMG20250801094852,
IMG20250801094942,
IMG20250801094948,
IMG20250801095030,
IMG20250801095044,
IMG20250801095051,
IMG20250801095120,
IMG20250801095128,
IMG20250801095138,
IMG20250801095153,
IMG20250801095204,
IMG20250801095207,
IMG20250801095231,
IMG20250801095237,
IMG20250801095259,
IMG20250801095307,
IMG20250801095326,
IMG20250801095342,
IMG20250801095405,
IMG20250801095445,
IMG20250801095521,
IMG20250801095528,
IMG20250801095546,
IMG20250801095559,
IMG20250801095602,
IMG20250801095606,
IMG20250801095612,
IMG20250801095627,
IMG20250801095633,
IMG20250801095639,
IMG20250801095643,
IMG20250801095839,
IMG20250801095843,
IMG20250801095847,
IMG20250801095852,
IMG20250801095903,
IMG20250801095914,
IMG20250801095941,
IMG20250801095945,
IMG20250801095952,
IMG20250801100041,
IMG20250801100045,
IMG20250801100120,
IMG20250801100252,
IMG20250801100303,
IMG20250801100333,
IMG20250801101101,
IMG20250801101108,
IMG20250801101112,
IMG20250801101127,
IMG20250801101146,
IMG20250801101200,
IMG20250801101205,
IMG20250801101230,
IMG20250801101247,
IMG20250801101304,
IMG20250801101313,
IMG20250801101320,
IMG20250801101341,
IMG20250801101432,
IMG20250801101446,
IMG20250801101602,
IMG20250801101607,
IMG20250801101636,
IMG20250801101640,
IMG20250801101804,
IMG20250801102041,
IMG20250801102049,
IMG20250801102213,
IMG20250801102220,
IMG20250801102310,
IMG20250801102316,
IMG20250801102615,
IMG20250801102619,
IMG20250801102630,
IMG20250801102636,
IMG20250801102643,
IMG20250801102802,
IMG20250801102810,
IMG20250801102900,
IMG20250801102905,
IMG20250801102917,
IMG20250801102922,
IMG20250801102934,
IMG20250801102953,
IMG20250801103000,
IMG20250801103030,
IMG20250801103110,
IMG20250801103118,
IMG20250801103149,
IMG20250801103202,
IMG20250801103248,
IMG20250801103254,
IMG20250801103259,
IMG20250801103313,
IMG20250801103412,
IMG20250801103432,
IMG20250801103437,
IMG20250801103447,
IMG20250801103452,
IMG20250801103535,
IMG20250801103540,
IMG20250801103625,
IMG20250801103640,
IMG20250801103657,
IMG20250801103726,
IMG20250801103741,
IMG20250801103816,
IMG20250801103827,
IMG20250801104320,
IMG20250801104325,
IMG20250801104337,
IMG20250801104341,
IMG20250801104447,
IMG20250801104450,
IMG20250801104457,
IMG20250801104502,
IMG20250801104505,
IMG20250801104529,
IMG20250801104542,
IMG20250801104546,
IMG20250801104558,
IMG20250801104605,
IMG20250801104621,
IMG20250801104641,
IMG20250801104647,
IMG20250801104653,
IMG20250801104657,
IMG20250801104715,
IMG20250801104718,
IMG20250801104731,
IMG20250801104753,
IMG20250801104821,
IMG20250801104829,
IMG20250801104911,
IMG20250801104925,
IMG20250801104928,
IMG20250801104951,
IMG20250801105019,
IMG20250801105028,
IMG20250801105036,
IMG20250801105101,
IMG20250801105116,
IMG20250801105353,
IMG20250801105357,
IMG20250801105401,
IMG20250801105544,
IMG20250801105557,
IMG20250801105623,
IMG20250801105627,
IMG20250801105639,
IMG20250801105655,
IMG20250801105658,
IMG20250801105704,
IMG20250801105710,
IMG20250801105712,
IMG20250801105731,
IMG20250801105734,
IMG20250801105749,
IMG20250801105751,
IMG20250801105755,
IMG20250801105841,
IMG20250801105907,
IMG20250801105946,
IMG20250801105953,
IMG20250801110015,
IMG20250801110018,
IMG20250801110026,
IMG20250801110033,
IMG20250801110100,
IMG20250801110154,
IMG20250801110245,
IMG20250801110307,
IMG20250801110321,
IMG20250801110337,
IMG20250801110426,
IMG20250801110431,
IMG20250801110439,
IMG20250801110444,
IMG20250801110506,
IMG20250801110510,
IMG20250801110514,
IMG20250802082729,
IMG20250802082754,
IMG20250802082804,
IMG20250802082811,
IMG20250802082824,
IMG20250802082833,
IMG20250802082844,
IMG20250802082909,
IMG20250802082925,
IMG20250802082931,
IMG20250802082938,
IMG20250802082951,
IMG20250802082958,
IMG20250802083005,
IMG20250802083014,
IMG20250802083036,
IMG20250802083053,
IMG20250802083110,
IMG20250802083115,
IMG20250802083142,
IMG20250802083154,
IMG20250802083207,
IMG20250802083232,
IMG20250802083237,
IMG20250802083244,
IMG20250802083252,
IMG20250802083302,
IMG20250802083315,
IMG20250802083358,
IMG20250802083450,
IMG20250802083455,
IMG20250802083500,
IMG20250802083509,
IMG20250802083512,
IMG20250802083516,
IMG20250802083537,
IMG20250802083541,
IMG20250802083554,
IMG20250802083559,
IMG20250802083646,
IMG20250802083652,
IMG20250802083656,
IMG20250802083700,
IMG20250802083704,
IMG20250802083709,
IMG20250802083814,
IMG20250802083829,
IMG20250802083856,
IMG20250802083900,
IMG20250802083919,
IMG20250802083931,
IMG20250802083939,
IMG20250802084004,
IMG20250802084009,
IMG20250802084017,
IMG20250802084024,
IMG20250802084038,
IMG20250802084048,
IMG20250802084117,
IMG20250802084203,
IMG20250802084207,
IMG20250802084211,
IMG20250802084216,
IMG20250802084237,
IMG20250802084244,
IMG20250802084249,
IMG20250802084305,
IMG20250802084416,
IMG20250802084423,
IMG20250802084426,
IMG20250802084430,
IMG20250802084433,
IMG20250802084439,
IMG20250802084443,
IMG20250802084448,
IMG20250802084452,
IMG20250802084502,
IMG20250802084508,Mites
IMG20250802084526,
IMG20250802084533,
IMG20250802084537,
IMG20250802084602,
IMG20250802084608,
IMG20250802084612,
IMG20250802085745,
IMG20250802085749,
IMG20250802085753,
IMG20250802085804,
IMG20250802085816,
IMG20250802085835,
IMG20250802085915,
IMG20250802085922,
IMG20250802085946,
IMG20250802085951,
IMG20250802085955,
IMG20250802090002,
IMG20250802090005,
IMG20250802090013,
IMG20250802090021,
IMG20250802090024,
IMG20250802090027,
IMG20250802090037,
IMG20250802090109,
IMG20250802090154,
IMG20250802090200,
IMG20250802090220,
IMG20250802090225,
IMG20250802090229,
IMG20250802090344,
IMG20250802090351,
IMG20250802090357,
IMG20250802090406,
IMG20250802090426,
IMG20250802090522,
IMG20250802090528,
IMG20250802090536,
IMG20250802090559,
IMG20250802090606,
IMG20250802090620,
IMG20250802100527,
IMG20250802100537,
IMG20250802100540,
IMG20250802100551,
IMG20250802100554,
IMG20250802100557,
IMG20250802100610,
IMG20250802100637,
IMG20250802100642,
IMG20250802100702,
IMG20250802100705,
IMG20250802100709,
IMG20250802100728,
IMG20250802100740,
IMG20250802100747,
IMG20250802100808,
IMG20250802100826,
IMG20250802100859,
IMG20250802100910,
IMG20250802100932,
IMG20250802100948,
IMG20250802100957,
IMG20250802101013,
IMG20250802101037,
IMG20250802101051,
IMG20250802101122,
IMG20250802101146,
IMG20250802101149,
IMG20250802101210,
IMG20250802101220,
IMG20250802101332,
IMG20250802101340,
IMG20250802101347,
IMG20250802101351,
IMG20250802101404,
IMG20250802101416,
IMG20250802101419,
IMG20250802101424,
IMG20250802101438,
IMG20250802101459,
IMG20250802101509,
IMG20250802101516,
IMG20250802101524,
IMG20250802101532,
IMG20250802101539,
IMG20250802101549,
IMG20250802101557,
IMG20250802101603,
IMG20250802101618,
IMG20250802101620,
IMG20250802101622,
IMG20250802101625,
IMG20250802101647,
IMG20250802101653,
IMG20250802101710,
IMG20250802101715,
IMG20250802101724,
IMG20250802101729,
IMG20250802101734,
IMG20250802101743,
IMG20250802101752,
IMG20250802101758,
IMG20250802101807,
IMG20250802101817,
IMG20250802101819,
IMG20250802101821,
IMG20250802101826,
IMG20250802101835,
IMG20250802101842,
IMG20250802101844,
IMG20250802101901,
IMG20250802101905,
IMG20250802101914,
IMG20250802101917,
IMG20250802101926,
IMG20250802102006,
IMG20250802102010,
IMG20250802102014,
IMG20250802102021,
IMG20250802102026,
IMG20250802102032,
IMG20250802102036,
IMG20250802102041,
IMG20250802102045,
IMG20250802102101,
IMG20250802102124,
IMG20250802102131,
IMG20250802102138,
IMG20250802102213,
IMG20250802102216,
IMG20250802102254,
IMG20250802102303,
IMG20250802102309,
IMG20250802102313,
IMG20250802102326,
IMG20250802102332,
IMG20250802102339,
IMG20250802102356,
IMG20250802102401,
IMG20250802102408,
IMG20250802102412,
IMG20250802102500,
IMG20250802102506,
IMG20250802102548,
IMG20250802102612,
IMG20250802102623,
IMG20250802102655,
IMG20250802102949,
IMG20250802102959,
IMG20250802103041,
IMG20250802103054,
IMG20250802103102,
IMG20250802103123,
IMG20250802103133,
IMG20250802103209,
IMG20250802103227,
IMG20250802103241,
IMG20250802103457,
IMG20250802103504,
IMG20250802103510,
IMG20250802103523,
IMG20250802103529,
IMG20250802103536,
IMG20250802103539,
IMG20250802103542,
IMG20250802103546,
IMG20250802103558,
IMG20250802103606,
IMG20250802103615,
IMG20250802103624,
IMG20250802103634,
IMG20250802103649,
IMG20250802103657,
IMG20250802103702,
IMG20250802103706,
IMG20250802103717,
IMG20250802103751,
IMG20250802103756,
IMG20250802103819,
IMG20250802103832,
IMG20250802103837,
IMG20250802103842,
IMG20250802103852,
IMG20250802103909,
IMG20250802103912,
IMG20250802103919,
IMG20250802103926,
IMG20250802103930,
IMG20250802103947,
IMG20250802104000,
IMG20250802104010,
IMG20250802104031,
IMG20250802104040,
IMG20250802104047,
IMG20250802104051,
IMG20250802104105,
IMG20250802104108,
IMG20250802104118,
IMG20250802104139,
IMG20250802104207,
IMG20250802104222,
IMG20250802104245,
IMG20250802104304,
IMG20250802104329,
IMG20250802104348,
IMG20250802104351,
IMG20250802104357,
IMG20250802104406,
IMG20250802104411,
IMG20250802104434,
IMG20250802104459,
IMG20250802104513,
IMG20250802104528,
IMG20250802104540,
IMG20250802104550,
IMG20250802104641,
IMG20250802104708,
IMG20250802104808,
IMG20250802104856,
IMG20250802104900,
IMG20250802104905,
IMG20250802104914,
IMG20250802104918,
IMG20250802104926,
IMG20250802105332,
IMG20250802105351,
IMG20250802105431,
IMG20250802105701,
IMG20250802105706,
IMG20250802105712,
IMG20250802105732,
IMG20250802105816,
IMG20250802105823,
IMG20250802105835,
IMG20250802105845,
IMG20250802105906,
IMG20250802105933,
IMG20250802105956,
IMG20250802110026,
IMG20250802110038,
IMG20250802110049,
IMG20250802110117,
IMG20250802110121,
IMG20250802110138,
IMG20250802110155,
IMG20250802110211,
IMG20250802110229,
IMG20250802110242,
IMG20250802110249,
IMG20250802110345,
IMG20250802110349,
IMG20250802110411,
IMG20250802110426,
IMG20250802110536,
IMG20250802110540,
IMG20250802110544,
IMG20250802110547,
IMG20250802110557,
IMG20250802110608,
IMG20250802110612,
IMG20250802110625,
IMG20250802110651,
IMG20250802110729,
IMG20250802110733,
IMG20250802110736,
IMG20250802110816,
IMG20250802110824,
IMG20250802110829,
IMG20250802110834,
IMG20250802110840,
IMG20250802110856,
IMG20250802110900,
IMG20250802110905,
IMG20250802110919,
IMG20250802110938,
IMG20250802110953,
IMG20250802111001,
IMG20250802111010,
IMG20250802111019,
IMG20250802111030,
IMG20250802111035,
IMG20250802111040,
IMG20250802111055,
IMG20250802111100,
IMG20250802111139,
IMG20250802111146,
IMG20250802111202,
IMG20250802111238,
IMG20250802111258,
IMG20250802111303,
IMG20250802111330,
IMG20250802111335,
IMG20250802111349,
IMG20250802111718,
IMG20250802111723,
IMG20250802111727,
IMG20250802111751,
IMG20250802111756,
IMG20250802111831,
IMG20250802111836,
IMG20250802111842,
IMG20250802111846,
IMG20250802111915,
IMG20250802111924,
IMG20250802111929,
IMG20250802111934,
IMG20250802112002,
IMG20250802112014,
IMG20250802112039,
IMG20250802112120,
IMG20250802112157,
IMG20250802112202,
IMG20250802112206,
IMG20250802112212,
IMG20250802112220,
IMG20250802112224,
IMG20250802112227,
IMG20250802112234,
IMG20250802112257,
IMG20250802112324,
IMG20250802112352,
IMG20250802112410,
IMG20250802112428,
IMG20250802112449,
IMG20250802112455,
IMG20250802112505,
IMG20250802112523,
IMG20250802112538,
IMG20250802112553,
IMG20250802112602,
IMG20250802112631,
IMG20250802112639,
IMG20250802112648,
IMG20250802112710,
IMG20250802112715,
IMG20250802112731,
IMG20250802112734,
IMG20250802112806,
IMG20250802112811,
IMG20250802112815,
IMG20250802112821,
IMG20250802112830,
IMG20250802112841,
IMG20250802112901,
IMG20250802112910,
IMG20250802112920,
